identifier;sportName;type;publisherName;publisherIdentifier;title;dateAccepted;number;status;url
2025-33/4.1/25;Бочча;"З грифом ""Затверджено""";Міністерство молоді та спорту України;38649881;Правила спортивних змагань з бочча серед осіб з ураженнями опорно-рухового апарату;11.09.2025;33/4.1/25;Чинний;https://mms.gov.ua/storage/app/sites/16/Sport/Pravyla_zmagan/2025/Invasport/pravila-bocca.pdf
2025-32/3.5/25;Регбі;"З грифом ""Затверджено""";Міністерство молоді та спорту України;38649881;Правила спортивних змагань з регбі;21.08.2025;32/3.5/25;Чинний;https://mms.gov.ua/storage/app/sites/16/Sport/Pravyla_zmagan/2025/pravila-regbi.pdf
2025-31/4.1/25;Легка атлетика;"З грифом ""Затверджено""";Міністерство молоді та спорту України;38649881;Правила спортивних змагань з пара легкої атлетики серед осіб з ураженнями опорно-рухового апарату, порушеннями зору та розумового і фізичного розвитку;13.08.2025;31/4.1/25;Чинний;https://mms.gov.ua/storage/app/sites/16/Sport/Pravyla_zmagan/2025/Invasport/pr-la.pdf
2025-30/3.2/25;Кікбоксинг WАКО;"З грифом ""Затверджено""";Міністерство молоді та спорту України;38649881;Правила спортивних змагань з кікбоксингу WAKO;08.08.2025;30/3.2/25;Чинний;https://mms.gov.ua/storage/app/sites/16/Sport/Pravyla_zmagan/2025/pravila-wako.pdf
2025-29/3.2/25;Комбат самозахист ІСО;"З грифом ""Затверджено""";Міністерство молоді та спорту України;38649881;Правила спортивних змагань з комбат самозахист ІСО ;08.08.2025;29/3.2/25;Чинний;https://mms.gov.ua/storage/app/sites/16/Sport/Pravyla_zmagan/2025/pravila-kombat-iso.pdf
2025-28/3.2/25;Військово-технологічний спорт;"З грифом ""Затверджено""";Міністерство молоді та спорту України;38649881;Правила спортивних змагань з військово-технологічного спорту;10.07.2025;28/3.2/25;Чинний;https://mms.gov.ua/storage/app/sites/16/Sport/Pravyla_zmagan/2025/viiskovo-texnologicnii-sport.pdf
2025-27/3.2/25;Шотокан карате-до С.К.І.Ф.;"З грифом ""Затверджено""";Міністерство молоді та спорту України;38649881;Правила спортивних змагань з шотокан карате-до С.К.І.Ф.;30.06.2025;27/3.2/25;Чинний;https://mms.gov.ua/storage/app/sites/16/Sport/Pravyla_zmagan/2025/sotokan-karate-do-skif.pdf
2025-26/3.2/25;Фунакоші шотокан карате;"З грифом ""Затверджено""";Міністерство молоді та спорту України;38649881;Правила спортивних змагань з фунакоші шотокан карате;19.06.2025;26/3.2/25;Чинний;https://mms.gov.ua/storage/app/sites/16/Sport/Pravyla_zmagan/2025/Invasport/pravila-funakosi-sotokan-karate.pdf
2025-25/4.1/25;Пауерліфтинг;"З грифом ""Затверджено""";Міністерство молоді та спорту України;38649881;Правила спортивних змагань з пара пауерліфтингу серед осіб з ураженнями опорно-рухового апарату;09.06.2025;25/4.1/25;Чинний;https://mms.gov.ua/storage/app/sites/16/Sport/Pravyla_zmagan/2025/Invasport/pravila-para-pauerliftingu.pdf
2025-24/3.2/25;Бойове самбо;"З грифом ""Затверджено""";Міністерство молоді та спорту України;38649881;Правила спортивних змагань з бойового самбо;06.06.2025;24/3.2/25;Чинний;https://mms.gov.ua/storage/app/sites/16/Sport/Pravyla_zmagan/2025/pravila-boiove-sambo.pdf
2025-23/3.2/25;Комбат Дзю-Дзюцу;"З грифом ""Затверджено""";Міністерство молоді та спорту України;38649881;Правила спортивних змагань з комбат Дзю-Дзюцу;30.05.2025;23/3.2/25;Чинний;https://mms.gov.ua/storage/app/sites/16/Sport/Pravyla_zmagan/2025/pravila-kombat-dziu-dziucu.pdf
2025-22/3.5/25;Бейсбол;"З грифом ""Затверджено""";Міністерство молоді та спорту України;38649881;Офіційні правила гри з бейсболу5;13.05.2025;22/3.5/25;Чинний;https://mms.gov.ua/storage/app/sites/16/Sport/Pravyla_zmagan/2025/pravila-beisbol5.pdf
2025-21/3.5/25;Баскетбол;"З грифом ""Затверджено""";Міністерство молоді та спорту України;38649881;Правила проведення спортивних змагань з баскетболу;05.05.2025;21/3.5/25;Чинний;https://mms.gov.ua/storage/app/sites/16/Sport/Pravyla_zmagan/2025/pravila-basketbol.pdf
2025-20/3.5/25;Баскетбол;"З грифом ""Затверджено""";Міністерство молоді та спорту України;38649881;Правила проведення змагань з баскетболу 3х3;02.05.2025;20/3.5/25;Чинний;https://mms.gov.ua/storage/app/sites/16/Sport/Pravyla_zmagan/2025/basketbol-3x3.pdf
2025-19/3.2/25;Таїландський бокс Муей Тай;"З грифом ""Затверджено""";Міністерство молоді та спорту України;38649881;Правила спортивних змагань з таїландського боксу Муей Тай;11.04.2025;19/3.2/25;Чинний;https://mms.gov.ua/storage/app/sites/16/Sport/Pravyla_zmagan/2025/%20бокс%20Муей%20Тай.pdf
2025-18/3.2/25;Боротьба самбо;"З грифом ""Затверджено""";Міністерство молоді та спорту України;38649881;Правила спортивних змагань з боротьби самбо;03.04.2025;18/3.2/25;Чинний;https://mms.gov.ua/storage/app/sites/16/Sport/Pravyla_zmagan/2025/%20самбо.pdf
2025-17/3.2/25;Військово-технологічний спорт;"З грифом ""Затверджено""";Міністерство молоді та спорту України;38649881;Правила спортивних змагань з військово-технологічного спорту;25.03.2025;17/3.2/25;Втратив чинність;https://mms.gov.ua/storage/app/sites/16/Sport/Pravyla_zmagan/2025/%20військово-технологічний%20спорт.pdf
2025-16/3.2/25;Радіоспорт;"З грифом ""Затверджено""";Міністерство молоді та спорту України;38649881;Правила спортивних змагань з радіоспорту;11.03.2025;16/3.2/25;Чинний;https://mms.gov.ua/storage/app/sites/16/Sport/Pravyla_zmagan/2025/Radiosport.pdf
2025-15/3.2/25;Флорбол;"З грифом ""Затверджено""";Міністерство молоді та спорту України;38649881;Правила спортивних змагань з флорболу;07.03.2025;15/3.2/25;Чинний;https://mms.gov.ua/storage/app/sites/16/Sport/Pravyla_zmagan/2025/floorball.pdf
2025-14/3.2/25;Морські багатоборства;"З грифом ""Затверджено""";Міністерство молоді та спорту України;38649881;Правила спортивних змагань з морських багатоборств;06.03.2025;14/3.2/25;Чинний;https://mms.gov.ua/storage/app/sites/16/Sport/Pravyla_zmagan/2025/moskbog.pdf
2025-13/3.1/25;Сучасне п'ятиборство;"З грифом ""Затверджено""";Міністерство молоді та спорту України;38649881;Правила змагань з сучасного п'ятиборства;03.03.2025;13/3.1/25;Чинний;https://mms.gov.ua/storage/app/sites/16/Sport/Pravyla_zmagan/2025/z-suchasnogo-pyatiborstva.pdf
2025-12/3.2/25;Пляжний теніс;"З грифом ""Затверджено""";Міністерство молоді та спорту України;38649881;Правила спортивних змагань з пляжного тенісу;03.03.2025;12/3.2/25;Чинний;https://mms.gov.ua/storage/app/sites/16/Sport/Pravyla_zmagan/2025/%20пляжний%20теніс.pdf
2025-11/3.2/25;Морські багатоборства;"З грифом ""Затверджено""";Міністерство молоді та спорту України;38649881;Правила спортивних змагань з морських багатоборств;19.02.2025;11/3.2/25;Втратив чинність;null
2025-10/3.2/25;Таеквон-До;"З грифом ""Затверджено""";Міністерство молоді та спорту України;38649881;Правила спортивних змагань з таеквон-До;13.02.2025;10/3.2/25;Чинний;https://mms.gov.ua/storage/app/sites/16/Sport/Pravyla_zmagan/2025/%20таеквон-До.pdf
2025-9/4.1/25;Волейбол;"З грифом ""Затверджено""";Міністерство молоді та спорту України;38649881;Правила спортивних змагань з волейболу сидячи серед осіб з ураженнями опорно-рухового апарату;06.02.2025;9/4.1/25;Чинний;https://mms.gov.ua/storage/app/sites/16/Sport/Pravyla_zmagan/2025/Invasport/%20волейбол%20сидячи.pdf
2025-8/3.1/25;Гімнастика художня;"З грифом ""Затверджено""";Міністерство молоді та спорту України;38649881;Правила змагань з гімнастики художньої 2025-2028;04.02.2025;8/3.1/25;Чинний;https://mms.gov.ua/storage/app/sites/16/Sport/Pravyla_zmagan/2025/%20гімнастика.pdf
2025-7/3.1/25;Веслування на байдарках і каное;"З грифом ""Затверджено""";Міністерство молоді та спорту України;38649881;Правила спортивних змагань з веслування на байдарках і каное;03.02.2025;7/3.1/25;Чинний;https://mms.gov.ua/storage/app/sites/16/Sport/Pravyla_zmagan/2025/%20на%20байдарках%20і%20каное.pdf
2025-6/4.1/25;Пауерліфтинг;"З грифом ""Затверджено""";Міністерство молоді та спорту України;38649881;Правила спортивних змагань з пауерліфтингу серед осіб з порушеннями зору;28.01.2025;6/4.1/25;Чинний;https://mms.gov.ua/storage/app/sites/16/Sport/Pravyla_zmagan/2025/Invasport/%20з%20порушенням%20зору.pdf
2025-5/3.2/25;Альпінізм;"З грифом ""Затверджено""";Міністерство молоді та спорту України;38649881;Правила спортивних змагань з альпінізму;24.01.2025;5/3.2/25;Чинний;https://mms.gov.ua/storage/app/sites/16/Sport/Pravyla_zmagan/2025/alpinizm.pdf
2025-4/3.1/25;Веслувальний слалом;"З грифом ""Затверджено""";Міністерство молоді та спорту України;38649881;Зміни до Правил спортивних змагань з веслувального слалому від 09.06.2021 № 19/4.2/21;14.01.2025;4/3.1/25;Чинний;null
2025-3/3.5/25;Богатирське Богатоборство;"З грифом ""Затверджено""";Міністерство молоді та спорту України;38649881;Зміни до Правил спортивних змагань з богатирського багатоборства;09.01.2025;3/3.2/25;Чинний;https://mms.gov.ua/storage/app/sites/16/Sport/Pravyla_zmagan/2025/_багатоборство.pdf
2025-2/3.2/25;Флаг-футбол;"З грифом ""Затверджено""";Міністерство молоді та спорту України;38649881;Правила спортивних змагань з флаг-футболу;06.01.2025;2/3.5/25;Чинний;https://mms.gov.ua/storage/app/sites/16/Sport/Pravyla_zmagan/2025/Flagfotbool.pdf
2025-1/3.2/25;Гирьовий спорт;"З грифом ""Затверджено""";Міністерство молоді та спорту України;38649881;Правила спортивних змагань з гирьового спорту;02.01.2025;1/3.2/25;Чинний;https://mms.gov.ua/storage/app/sites/16/Sport/Pravyla_zmagan/2025/%20спорт.pdf
2024-55/3.2/24;Пауерліфтинг;"З грифом ""Затверджено""";Міністерство молоді та спорту України;38649881;Правила спортивних змагань з пауерліфтингу;23.12.2024;55/3.2/24;Чинний;https://mms.gov.ua/storage/app/sites/16/Sport/Pravyla_zmagan/2024/Pauerlifting.pdf 
2024-54/3.1/24;Стрільба стендова;"З грифом ""Затверджено""";Міністерство молоді та спорту України;38649881;Правила спортивних змагань зі стрільби стендової;18.12.2024;54/3.1/24;Чинний;https://mms.gov.ua/storage/app/sites/16/Sport/Pravyla_zmagan/2024/Strilba%20stendova.pdf 
2024-53/3.2/24;Спортивний туризм;"З грифом ""Затверджено""";Міністерство молоді та спорту України;38649881;Правила спортивних змагань зі спортивного туризму;12.12.2024;53/3.2/24;Чинний;https://mms.gov.ua/storage/app/sites/16/Sport/Pravyla_zmagan/2024/Sport_tyrizm.pdf 
2024-52/3.2/24;Спорт з літаючим диском;"З грифом ""Затверджено""";Міністерство молоді та спорту України;38649881;Правила спортивних змагань зі спорту з літаючим диском ;12.12.2024;52/3.2/24;Чинний;https://mms.gov.ua/storage/app/sites/16/Sport/Pravyla_zmagan/2024/Sport%20z%20litauchim%20diskom.pdf 
2024-51/3.2/24;Го;"З грифом ""Затверджено""";Міністерство молоді та спорту України;38649881;Правила спортивних змагань з го;10.12.2024;51/3.2/24;Чинний;https://mms.gov.ua/storage/app/sites/16/Sport/Pravyla_zmagan/2024/Prav_Go.pdf 
2024-50/3.2/24;Панкратіон;"З грифом ""Затверджено""";Міністерство молоді та спорту України;38649881;Правила спортивних змагань з панкратіону;05.12.2024;50/3.2/24;Чинний;https://mms.gov.ua/storage/app/sites/16/Sport/Pravyla_zmagan/2024/Pankration_.pdf 
2024-49/3.2/24;Богатирське Богатоборство;"З грифом ""Затверджено""";Міністерство молоді та спорту України;38649881;Правила спортивних змагань з богатирського багатоборства;04.12.2024;49/3.2/24;Зі змінами;null
2024-48/3.2/24;Петанк;"З грифом ""Затверджено""";Міністерство молоді та спорту України;38649881;Правила спортивних змагань з петанку;28.11.2024;48/3.2/24;Чинний;https://mms.gov.ua/storage/app/sites/16/Sport/Pravyla_zmagan/2024/%20%D0%9F%D0%B5%D1%82%D0%B0%D0%BD%D0%BA.pdf 
2024-47/3.5/24;Лакрос ;"З грифом ""Затверджено""";Міністерство молоді та спорту України;38649881;Правила спортивних змагань з лакросу шістки;21.11.2024;47/3.5/24;Чинний;https://mms.gov.ua/storage/app/sites/16/Sport/Pravyla_zmagan/2024/_%D0%9B%D0%B0%D0%BA%D1%80%D0%BE%D1%81.pdf 
2024-46/3.3/24;Кьорлінг;"З грифом ""Затверджено""";Міністерство молоді та спорту України;38649881;Правила спортивних змагань з кьорлінгу;08.11.2024;46/3.3/24;Чинний;https://mms.gov.ua/storage/app/sites/16/Sport/Pravyla_zmagan/2024/Kerling.pdf 
2024-45/3.1/24;Плавання ;"З грифом ""Затверджено""";Міністерство молоді та спорту України;38649881;Правила спортивних змагань з плавання в адаптивному спорті серед спортсменів в категорії «НЕСКОРЕНІ» ;05.11.2024;45/3.1/24;Чинний;https://mms.gov.ua/storage/app/sites/16/Sport/Pravyla_zmagan/2024/%20%D0%BF%D0%BB%D0%B0%D0%B2%D0%B0%D0%BD%D0%BD%D1%8F.pdf 
2024-44/3.5/24;Бейсбол;"З грифом ""Затверджено""";Міністерство молоді та спорту України;38649881;Офіційні правила гри з бейсболу;30.10.2024;44/3.5/24;Чинний;https://mms.gov.ua/storage/app/sites/16/Sport/Pravyla_zmagan/2024/%20%D0%B1%D0%B5%D0%B9%D1%81%D0%B1%D0%BE%D0%BB.pdf 
2024-43/3.1/24;Стрільба з лука;"З грифом ""Затверджено""";Міністерство молоді та спорту України;38649881;Правила спортивних змагань зі стрільби з лука;30.10.2024;43/3.1/24;Чинний;https://mms.gov.ua/storage/app/sites/16/Sport/Pravyla_zmagan/2024/%20%D1%81%D1%82%D1%80%D1%96%D0%BB%D1%8C%D0%B1%D0%B0%20%D0%B7%20%D0%BB%D1%83%D0%BA%D0%B0.pdf 
2024-42/3.3/24;Скелетон;"З грифом ""Затверджено""";Міністерство молоді та спорту України;38649881;Правила спортивних змагань зі скелетону;29.10.2024;42/3.3/24;Чинний;https://mms.gov.ua/storage/app/sites/16/Sport/Pravyla_zmagan/2024/Skeleton.pdf 
2024-41/3.5/24;Бадмінтон;"З грифом ""Затверджено""";Міністерство молоді та спорту України;38649881;Зміни до Правил гри та проведення спортивних змагань з бадмінтону;25.10.2024;41/3.5/24;Чинний;https://mms.gov.ua/storage/app/sites/16/Sport/Pravyla_zmagan/2024/%20%D0%91%D0%B0%D0%B4%D0%BC%D1%96%D0%BD%D1%82%D0%BE%D0%BD.pdf 
2024-40/3.1/24;Легка атлетика;"З грифом ""Затверджено""";Міністерство молоді та спорту України;38649881;Правила змагань з легкої атлетики 2024 ;25.10.2024;40/3.1/24;Чинний;https://mms.gov.ua/storage/app/sites/16/Sport/Pravyla_zmagan/2024/%20%D0%BB%D0%B5%D0%B3%D0%BA%D0%B0%20%D0%B0%D1%82%D0%BB%D0%B5%D1%82%D0%B8%D0%BA%D0%B0.pdf 
2024-39/3.2/24;Шашки;"З грифом ""Затверджено""";Міністерство молоді та спорту України;38649881;Правила спортивних змагань з шашок;24.10.2024;39/3.2/24;Чинний;https://mms.gov.ua/storage/app/sites/16/Sport/Pravyla_zmagan/2024/_2.pdf 
2024-38/3.5/24;Волейбол;"З грифом ""Затверджено""";Міністерство молоді та спорту України;38649881;Правила спортивних змагань з волейболу;24.10.2024;38/3.5/24;Чинний;https://mms.gov.ua/storage/app/sites/16/Sport/Pravyla_zmagan/2024/%20%D0%B2%D0%BE%D0%BB%D0%B5%D0%B9%D0%B1%D0%BE%D0%BB.pdf 
2024-37/3.2/24;Падел;"З грифом ""Затверджено""";Міністерство молоді та спорту України;38649881;Правила спортивних змагань з паделу зі змінами;23.10.2024;37/3.2/24;Чинний;https://mms.gov.ua/storage/app/sites/16/Sport/Pravyla_zmagan/2024/%20%D0%9F%D0%B0%D0%B4%D0%B5%D0%BB.pdf 
2024-36/3.2/24;Спортивне орієнтування;"З грифом ""Затверджено""";Міністерство молоді та спорту України;38649881;Правила спортивних змагань зі спортивного орієнтування;21.10.2024;36/3.2/24;Чинний;https://mms.gov.ua/storage/app/sites/16/Sport/Pravyla_zmagan/2024/%20%D1%81%D0%BF%D0%BE%D1%80%D1%82%D0%B8%D0%B2%D0%BD%D0%B5%20%D0%BE%D1%80%D1%96%D1%94%D0%BD%D1%82%D1%83%D0%B2%D0%B0%D0%BD%D0%BD%D1%8F.pdf 
2024-35/3.2/24;Боротьба самбо;"З грифом ""Затверджено""";Міністерство молоді та спорту України;38649881;Правила спортивних змагань з боротьби самбо;18.10.2024;35/3.2/24;Втратив чинність;null
2024-34/3.1/24;Стрільба кульова;"З грифом ""Затверджено""";Міністерство молоді та спорту України;38649881;Правила спортивних змагань зі стрільби кульової;16.10.2024;34/3.1/24;Чинний;https://mms.gov.ua/storage/app/sites/16/Sport/Pravyla_zmagan/2024/%20%D1%81%D1%82%D1%80%D1%96%D0%BB%D1%8C%D0%B1%D0%B0%20%D0%BA%D1%83%D0%BB%D1%8C%D0%BE%D0%B2%D0%B0.pdf 
2024-33/3.5/24;Теніс настільний;"З грифом ""Затверджено""";Міністерство молоді та спорту України;38649881;Зміни до Правил спортивних змагань з тенісу настільного;09.10.2024;33/3.5/24;Чинний;https://mms.gov.ua/storage/app/sites/16/Sport/Pravyla_zmagan/2024/%20%D1%82%D0%B5%D0%BD%D1%96%D1%81.pdf 
2024-32/3.2/24;Годзю-рю карате;"З грифом ""Затверджено""";Міністерство молоді та спорту України;38649881;Правила спортивних змагань з годзю-рю карате;03.10.2024;32/3.2/24;Чинний;https://mms.gov.ua/storage/app/sites/16/Sport/Pravyla_zmagan/2024/%20%D1%80%D1%83%20%D0%BA%D0%B0%D1%80%D0%B0%D1%82%D0%B5.pdf 
2024-31/3.2/24;Джиу-джитсу;"З грифом ""Затверджено""";Міністерство молоді та спорту України;38649881;Правила спортивних змагань з джиу-джитсу;30.09.2024;31/3.2/24;Чинний;https://mms.gov.ua/storage/app/sites/16/Sport/Pravyla_zmagan/2024/%20%D0%B4%D0%B6%D0%B8%D1%83%20%D0%B4%D0%B6%D0%B8%D1%82%D1%81%D1%83.pdf 
2024-30/3.2/24;Комбат самозахист ІСО;"З грифом ""Затверджено""";Міністерство молоді та спорту України;38649881;Правила спортивних змагань з комбат самозахист ІСО;27.09.2024;30/3.2/24;Втратив чинність;https://mms.gov.ua/storage/app/sites/16/Sport/Pravyla_zmagan/2024/%20%D0%9A%D0%BE%D0%BC%D0%B1%D0%B0%D1%82%20%D1%81%D0%B0%D0%BC%D0%BE%D0%B7%D0%B0%D1%85%D0%B8%D1%81%D1%82%20%D0%86%D0%A1%D0%9E.pdf 
2024-29/3.2/24;Рукопашний бій;"З грифом ""Затверджено""";Міністерство молоді та спорту України;38649881;Правила спортивних змагань зрукопашного бою;24.09.2024;29/3.2/24;Чинний;https://mms.gov.ua/storage/app/sites/16/Sport/Pravyla_zmagan/2024/_%D1%80%D1%83%D0%BA%D0%BE%D0%BF%D0%B0%D1%88%D0%BD%D0%B8%D0%B9%20%D0%B1%D1%96%D0%B9.pdf 
2024-28/3.2/24;Армрестлінг;"З грифом ""Затверджено""";Міністерство молоді та спорту України;38649881;Правила спортивних змагань з армрестлінгу;23.09.2024;28/3.2/24;Чинний;https://mms.gov.ua/storage/app/sites/16/Sport/Pravyla_zmagan/2024/%20%D0%B7%20%D0%B0%D1%80%D0%BC%D1%80%D0%B5%D1%81%D1%82%D0%BB%D1%96%D0%BD%D0%B3%D1%83.pdf 
2024-27/3.2/24;Таеквон-До;"З грифом ""Затверджено""";Міністерство молоді та спорту України;38649881;Правила спортивних змагань з таеквон-До;20.09.2024;27/3.2/24;Втратив чинність;https://mms.gov.ua/storage/app/sites/16/Sport/Pravyla_zmagan/2024/%20%D0%B7%20%D1%82%D0%B0%D0%B5%D0%BA%D0%B2%D0%BE%D0%BD-%D0%94%D0%BE.pdf 
2024-26/3.2/24;Роликовий спорт;"З грифом ""Затверджено""";Міністерство молоді та спорту України;38649881;Правила спортивних змагань з роликового спорту;28.08.2024;26/3.2/24;Чинний;https://mms.gov.ua/storage/app/sites/16/Sport/Pravyla_zmagan/2024/%20%D1%80%D0%BE%D0%BB%D0%B8%D0%BA%D0%BE%D0%B2%D0%B8%D0%B9%20%D1%81%D0%BF%D0%BE%D1%80%D1%82.pdf 
2024-25/4.1/24;Плавання ;"З грифом ""Затверджено""";Міністерство молоді та спорту України;38649881;Правила спортивних змагань з плавання серед осіб з порушенням слуху;15.08.2024;25/4.1/24;Чинний;null
2024-24/3.2/24;Карате WKS;"З грифом ""Затверджено""";Міністерство молоді та спорту України;38649881;Правила спортивних змагань з карате  WKS;13.08.2024;24/3.2/24;Чинний;https://mms.gov.ua/storage/app/sites/16/Sport/Pravyla_zmagan/2024/KarateWKC.pdf 
2024-23/3.2/24;Грепплінг;"З грифом ""Затверджено""";Міністерство молоді та спорту України;38649881;Правила спортивних змагань з грепплінгу;12.08.2024;23/3.2/24;Чинний;https://mms.gov.ua/storage/app/sites/16/Sport/Pravyla_zmagan/2024/Greppling.pdf 
2024-22/3.2/24;Панкратіон;"З грифом ""Затверджено""";Міністерство молоді та спорту України;38649881;Правила спортивних змагань з панкратіону;06.08.2024;22/3.2/24;Втратив чинність;null
2024-21/3.2/24;Шахи;"З грифом ""Затверджено""";Міністерство молоді та спорту України;38649881;Правила спортивних змагань з шахів;02.08.2024;21/3.2/24;Чинний;https://mms.gov.ua/storage/app/sites/16/Sport/Pravyla_zmagan/2024/Chess.pdf 
2024-20/3.2/24;Стронгмен;"З грифом ""Затверджено""";Міністерство молоді та спорту України;38649881;Правила спортивних змагань зі стрногмену;30.07.2024;20/3.2/24;Чинний;https://mms.gov.ua/storage/app/sites/16/Sport/Pravyla_zmagan/2024/%20%D1%81%D1%82%D1%80%D0%BE%D0%BD%D0%B3%D0%BC%D0%B5%D0%BD%202024%20QR.pdf 
2024-19/3.2/24;Грепплінг;"З грифом ""Затверджено""";Міністерство молоді та спорту України;38649881;Правила спортивних змагань з грепплінгу;29.07.2024;19/3.2/24;Втратив чинність;null
2024-18/3.2/24;Перетягування канату;"З грифом ""Затверджено""";Міністерство молоді та спорту України;38649881;Правила спортивних змагань з перетягування канату;17.07.2024;18/3.2/24;Чинний;https://mms.gov.ua/storage/app/sites/16/Sport/Pravyla_zmagan/2024/%20%D0%BF%D0%B5%D1%80%D0%B5%D1%82%D1%8F%D0%B3%D1%83%D0%B2%D0%B0%D0%BD%D0%BD%D1%8F%20%D0%BA%D0%B0%D0%BD%D0%B0%D1%82%D1%83.pdf 
2024-17/3.2/24;Американський футбол;"З грифом ""Затверджено""";Міністерство молоді та спорту України;38649881;Правила спортивних змагань з американського футболу;17.07.2024;17/3.2/24;Чинний;https://mms.gov.ua/storage/app/sites/16/Sport/Pravyla_zmagan/2024/%20%D0%90%D0%BC%D0%B5%D1%80%D0%B8%D0%BA%D0%B0%D0%BD%D1%81%D1%8C%D0%BA%D0%B8%D0%B9%20%D1%84%D1%83%D1%82%D0%B1%D0%BE%D0%BB.pdf 
2024-16/3.2/24;Петанк;"З грифом ""Затверджено""";Міністерство молоді та спорту України;38649881;Правила спортивного звання з петанку;17.07.2024;16-3.2/24;Втратив чинність;null
2024-15/3.2/24;Армрестлінг;"З грифом ""Затверджено""";Міністерство молоді та спорту України;38649881;Правила спортивних змагань з армрестлінгу ;26.06.2024;15/3.2/24;Втратив чинність;null
2024-14/3.2/24;Кудо;"З грифом ""Затверджено""";Міністерство молоді та спорту України;38649881;Правила спортивних змагань з кудо;06.06.2024;14/3.2/24;Чинний;https://mms.gov.ua/storage/app/sites/16/Sport/Pravyla_zmagan/2024/%20%D0%9A%D1%83%D0%B4%D0%BE.pdf 
2024-13/3.2/24;Спортивна аеробіка;"З грифом ""Затверджено""";Міністерство молоді та спорту України;38649881;Правила спортивних змагань зі спортивної аеробіки;23.05.2024;13/3.2/24;Чинний;https://mms.gov.ua/storage/app/sites/16/Sport/Pravyla_zmagan/2024/%20%D0%A1%D0%BF%D0%BE%D1%80%D1%82%D0%B8%D0%B2%D0%BD%D0%B0%20%D0%B0%D0%B5%D1%80%D0%BE%D0%B1%D1%96%D0%BA%D0%B0.pdf 
2024-12/3.2/24;Веслування на човнах «Дракон»;"З грифом ""Затверджено""";Міністерство молоді та спорту України;38649881;"Правила спортивних змагань з веслування на човнак ""Дракон""";02.05.2024;12/3.2/24;Чинний;https://mms.gov.ua/storage/app/sites/16/Sport/Pravyla_zmagan/2024/%20%D0%94%D1%80%D0%B0%D0%BA%D0%BE%D0%BD.pdf 
2024-11/3.2/24;Текбол;"З грифом ""Затверджено""";Міністерство молоді та спорту України;38649881;Правила спортивних змагань з текболу;23.04.2024;11/3.2/24;Чинний;https://mms.gov.ua/storage/app/sites/16/Sport/Pravyla_zmagan/2024/%20%D0%A2%D0%B5%D0%BA%D0%B1%D0%BE%D0%BB.pdf 
2024-10/4.1/24;Пара плавання;"З грифом ""Затверджено""";Міністерство молоді та спорту України;38649881;Правила спортивних змагань з пара плавання;18.04.2024;10/4.1/24;Чинний;null
2024-9/4.2/24;Кіокушин карате;"З грифом ""Затверджено""";Міністерство молоді та спорту України;38649881;Правила спортивних змагань з кіокушин карате;12.04.2024;9/4.2/24;Чинний;https://mms.gov.ua/storage/app/sites/16/Sport/Pravyla_zmagan/2024/%20%D0%9A%D1%96%D0%BE%D0%BA%D1%83%D1%88%D0%B8%D0%BD%20%D0%BA%D0%B0%D1%80%D0%B0%D1%82%D0%B5.pdf 
2024-8/4.2/24;Ушу;"З грифом ""Затверджено""";Міністерство молоді та спорту України;38649881;Правила спортивних змагань з ушу;11.04.2024;8/4.2/24;Чинний;https://mms.gov.ua/storage/app/sites/16/Sport/Pravyla_zmagan/2024/%20%D1%83%D1%88%D1%83.pdf 
2024-7/4.2/24;Падел;"З грифом ""Затверджено""";Міністерство молоді та спорту України;38649881;Правила спортивних змагань з паделу;22.03.2024;7/4.2/24;Зі змінами;https://mms.gov.ua/storage/app/sites/16/Sport/Pravyla_zmagan/2024/%D0%9F%D0%B0%D0%B4%D0%B5%D0%BB.pdf 
2024-6/4.2/24;Планерний спорт;"З грифом ""Затверджено""";Міністерство молоді та спорту України;38649881;Правила спортивних змагань з планерного спорту;14.02.2024;6/4.2/24;Чинний;https://mms.gov.ua/storage/app/sites/16/Sport/Pravyla_zmagan/2024/%20%D0%BF%D0%BB%D0%B0%D0%BD%D0%B5%D1%80%D0%BD%D0%B8%D0%B9%20%D1%81%D0%BF%D0%BE%D1%80%D1%82.pdf 
2024-5/4.2/24;Грепплінг;"З грифом ""Затверджено""";Міністерство молоді та спорту України;38649881;Правила спортивних змагань з грепплінгу;13.02.2024;5/4.2/24;Втратив чинність;null
2024-4/4.3/24;Хокей з шайбою;"З грифом ""Затверджено""";Міністерство молоді та спорту України;38649881;Правила спортивних змагань з хокею з шайбою;07.02.2024;4/4.3/24;Чинний;null
2024-3/5.2_р/24;Спортивні танці;"З грифом ""Затверджено""";Міністерство молоді та спорту України;38649881;Правила спортивних змагань зі спортивних танців;25.01.2024;3/5.2_р/24;Чинний;https://mms.gov.ua/storage/app/sites/16/Sport/Pravyla_zmagan/2024/%D0%A1%D0%BF%D0%BE%D1%80%D1%82%D0%B8%D0%B2%D0%BD%D1%96%20%D1%82%D0%B0%D0%BD%D1%86%D1%96.pdf 
2024-2/5.2/24;Боротьба на поясах АЛИШ;"З грифом ""Затверджено""";Міністерство молоді та спорту України;38649881;Правила спортивних змагань з боротьби на поясах АЛИШ;18.01.2024;2/5.2/24;Чинний;https://mms.gov.ua/storage/app/sites/16/Sport/Pravyla_zmagan/2024/%D0%90%D0%BB%D0%B8%D1%88.pdf 
2024-1/5.2/24;Спортивна аеробіка;"З грифом ""Затверджено""";Міністерство молоді та спорту України;38649881;Правила спортивних змагань зі спортивної аеробіки;15.01.2024;1/5.2/24;Втратив чинність;null
2023-16/5.2/23;Таеквон-До;"З грифом ""Затверджено""";Міністерство молоді та спорту України;38649881;Правила спортивних змагань з таеквон-До;07.11.2023;16/5.2/23;Чинний;https://mms.gov.ua/storage/app/sites/16/Sport/Pravyla_zmagan/2023/%D0%9F%D1%80%D0%B0%D0%B2%D0%B8%D0%BB%D0%B0_%D0%A2%D0%B0%D0%B5%D0%BA%D0%B2%D0%BE%D0%BD-%D0%94%D0%BE_2023.pdf 
2023-15/5.2/23;Регбіліг;"З грифом ""Затверджено""";Міністерство молоді та спорту України;38649881;Правила спортивних змагань з регбіліг;07.11.2023;15/5.2/23;Чинний;https://mms.gov.ua/storage/app/sites/16/Sport/Pravyla_zmagan/2023/%D0%9F%D1%80%D0%B0%D0%B2%D0%B8%D0%BB%D0%B0_%D0%A0%D0%B5%D0%B3%D0%B1%D1%96%D0%BB%D1%96%D0%B3_2023.pdf 
2023-14/5.2/23;Шашки;"З грифом ""Затверджено""";Міністерство молоді та спорту України;38649881;Правила спортивних змагань з шашок;14.09.2023;14/5.2/23;Втратив чинність;null
2023-13/5.2/23;Флорбол;"З грифом ""Затверджено""";Міністерство молоді та спорту України;38649881;Правила спортивних змагань з флорболу;17.08.2023;13/5.2/23;Втратив чинність;null
2023-12/5.2/23;Бодібілдинг;"З грифом ""Затверджено""";Міністерство молоді та спорту України;38649881;Зміни до Правил спортивних змагань з бодібілдингу;17.08.2023;12/5.2/23;Чинний;null
2023-11/5.2/23;Кікбоксинг WPKA;"З грифом ""Затверджено""";Міністерство молоді та спорту України;38649881;Правила спортивних змагань з кікбоксингу WPKA;08.08.2023;11/5.2/23;Чинний;null
2023-10/5.2/23;Хортинг;"З грифом ""Затверджено""";Міністерство молоді та спорту України;38649881;Правила спортивних змагань з хортингу;16.06.2023;10/5.2/23;Чинний;null
2023-9/5.2/23;Веслування на човнах «Дракон»;"З грифом ""Затверджено""";Міністерство молоді та спорту України;38649881;Правила спортивних змагань з веслування на човнах «Дракон»;09.06.2023;9/5.2/23;Втратив чинність;null
2023-8/5.2/23;Джиу-джитсу;"З грифом ""Затверджено""";Міністерство молоді та спорту України;38649881;Правила спортивних змагань з джиу-джитсу;16.05.2023;8/5.2/23;Чинний;https://mms.gov.ua/storage/app/sites/16/Sport/Pravyla_zmagan/2023/%D0%92%D0%B5%D1%81%D0%BB%D1%83%D0%B2%D0%B0%D0%BD%D0%BD%D1%8F%20%D0%BD%D0%B0%20%D0%B1%D0%B0%D0%B9%D0%B4%D0%B0%D1%80%D0%BA%D0%B0%D1%85%20%D1%96%20%D0%BA%D0%B0%D0%BD%D0%BE%D0%B5.pdf
2023-7/5.2/23;Регбіліг;"З грифом ""Затверджено""";Міністерство молоді та спорту України;38649881;Правила спортивних змагань з регбіліг;02.05.2023;7/5.2/23;Чинний;https://mms.gov.ua/storage/app/sites/16/Sport/Pravyla_zmagan/2023/pravila%20kikboksingiska.pdf
2023-6/4.2/23;Веслування на байдарках і каное;"З грифом ""Затверджено""";Міністерство молоді та спорту України;38649881;Правила спортивних змагань з веслування на байдарках і каное;26.04.2023;6/4.2/23;Втратив чинність;https://mms.gov.ua/storage/app/sites/16/Sport/Pravyla_zmagan/2023/%D0%90%D1%80%D0%BC%D1%80%D0%B5%D1%81%D1%82%D0%BB%D1%96%D0%BD%D0%B3.pdf
2023-5/5.3/23;Кікбоксинг ВТКА;"З грифом ""Затверджено""";Міністерство молоді та спорту України;38649881;Правила спортивних змагань з  кікбоксингу ВТКА;07.04.2023;5/5.3/23;Чинний;https://mms.gov.ua/storage/app/sites/16/Sport/Pravyla_zmagan/2023/%D0%91%D0%BE%D0%B4%D1%96%D0%B1%D1%96%D0%BB%D0%B4%D0%B8%D0%BD%D0%B3.pdf
2023-4/5.2/23;Армрестлінг;"З грифом ""Затверджено""";Міністерство молоді та спорту України;38649881;Зміни до Правил спортивних змагань з армрестлінгу;20.03.2023;4/5.2/23;Втратив чинність;https://mms.gov.ua/storage/app/sites/16/Sport/Pravyla_zmagan/2023/%D0%9A%D0%BE%D0%BC%D0%B1%D0%B0%D1%82%20%D0%94%D0%B7%D1%8E-%D0%94%D0%B7%D1%8E%D1%86%D1%83.pdf
2023-3/5.2/23;Бодібілдинг;"З грифом ""Затверджено""";Міністерство молоді та спорту України;38649881;Правила спортивних змагань з бодібілдингу;14.03.2023;3/5.2/23;Чинний;https://mms.gov.ua/storage/app/sites/16/Sport/Pravyla_zmagan/2023/%D0%90%D0%BA%D1%80%D0%BE%D0%B1%D0%B0%D1%82%D0%B8%D1%87%D0%BD%D0%B8%D0%B9%20%D1%80%D0%BE%D0%BA-%D0%BD-%D1%80%D0%BE%D0%BB_.pdf
2023-2/5.3/23;Комбат Дзю-Дзюцу;"З грифом ""Затверджено""";Міністерство молоді та спорту України;38649881;Правила спортивних змагань з комбат Дзю-Дзюцу;15.02.2023;2/5.3/23;Втратив чинність;null
2023-1/5.2/23;Акробатичний рок-н-рол;"З грифом ""Затверджено""";Міністерство молоді та спорту України;38649881;Правила спортивних змагань з акробатичного рок-н-ролу;06.01.2023;1/5.2/23;Чинний;https://mms.gov.ua/storage/app/sites/16/Sport/Pravyla_zmagan/2022/%D0%94%D0%B6%D0%B8%D1%83-%D0%B4%D0%B6%D0%B8%D1%82%D1%81%D1%83.pdf
2022-11/5.3/22;Альпінізм;"З грифом ""Затверджено""";Міністерство молоді та спорту України;38649881;Правила спортивних змагань з альпінізму ;11.08.2022;11/5.3/22;Втратив чинність;https://mms.gov.ua/storage/app/sites/16/Sport/Pravyla_zmagan/2022/%D0%9A%D1%96%D0%B1%D0%B5%D1%80%D1%81%D0%BF%D0%BE%D1%80%D1%82_%D0%B7%D0%BC%D1%96%D0%BD%D0%B8.pdf
2022-10/5.2/22;Джиу-джитсу;"З грифом ""Затверджено""";Міністерство молоді та спорту України;38649881;Правила змагань з джиу-джитсу;21.10.2022;10/5.2/22;Чинний;https://mms.gov.ua/storage/app/sites/16/Sport/Pravyla_zmagan/2022/%D0%91%D0%BE%D1%80%D0%BE%D1%82%D1%8C%D0%B1%D0%B0%20%D0%B2%D1%96%D0%BB%D1%8C%D0%BD%D0%B0%20%D1%82%D0%B0%20%D0%B1%D0%BE%D1%80%D0%BE%D1%82%D1%8C%D0%B1%D0%B0%20%D0%B3%D1%80%D0%B5%D0%BA%D0%BE-%D1%80%D0%B8%D0%BC%D1%81%D1%8C%D0%BA%D0%B0.pdf
2022-9/5.3/22;Кіберспорт (електронний спорт);"З грифом ""Затверджено""";Міністерство молоді та спорту України;38649881;Правила спортивних змагань з кіберспорту (електронного спору);11.10.2022;9/5.3/22;Чинний;https://mms.gov.ua/storage/app/sites/16/Sport/Pravyla_zmagan/2022/%D0%9F%D0%B0%D0%BD%D0%BA%D1%80%D0%B0%D1%82%D1%96%D0%BE%D0%BD.pdf
2022-8/4.3/22;Боротьба вільна, боротьба греко-римська;"З грифом ""Затверджено""";Міністерство молоді та спорту України;38649881;Правила спортивних змагань з боротьби вільної та боротьби греко-римської;04.10.2022;8/4.3/22;Чинний;https://mms.gov.ua/storage/app/sites/16/Sport/Pravyla_zmagan/2022/%D0%93%D1%80%D0%B5%D0%BF%D0%BF%D0%BB%D1%96%D0%BD%D0%B3.pdf
2022-7/5.2/22;Панкратіон;"З грифом ""Затверджено""";Міністерство молоді та спорту України;38649881;Правила спортвних змагань з панкратіону;23.08.2022;7/5.2/22;Втратив чинність;https://mms.gov.ua/storage/app/sites/16/Sport/Pravyla_zmagan/2022/%D0%90%D1%80%D0%BC%D1%80%D0%B5%D1%81%D1%82%D0%BB%D1%96%D0%BD%D0%B3.pdf
2022-6/5.2/22;Грепплінг;"З грифом ""Затверджено""";Міністерство молоді та спорту України;38649881;Правила спортивних змагань з грепплінгу;04.08.2022;6/5.2/22;Втратив чинність;https://mms.gov.ua/storage/app/sites/16/Sport/Pravyla_zmagan/2022/%D0%A2%D0%B5%D0%BD%D1%96%D1%81.pdf
2022-5/5.2/22;Армрестлінг;"З грифом ""Затверджено""";Міністерство молоді та спорту України;38649881;Правила спортивних змагань з армрестлінгу;25.07.2022;5/5.2/22;Чинний;https://mms.gov.ua/storage/app/sites/16/Sport/Pravyla_zmagan/2022/%D0%A2%D1%85%D0%B5%D0%BA%D0%B2%D0%BE%D0%BD%D0%B4%D0%BE%20%D0%92%D0%A2%D0%A4.pdf
2022-4/4.6/22;Теніс;"З грифом ""Затверджено""";Міністерство молоді та спорту України;38649881;Правила спортивних змагань з тенісу;14.02.2022;4/4.6/22;Чинний;https://mms.gov.ua/storage/app/sites/16/Sport/Pravyla_zmagan/2022/%D0%9A%D0%B0%D0%BD%D1%83%D0%BF%D0%BE%D0%BB%D0%BE.pdf
2022-3/4.3/22;Тхеквондо (ВТФ) (керугі);"З грифом ""Затверджено""";Міністерство молоді та спорту України;38649881;"Правила спортивних змагань з тхеквондо (ВТФ) у розділі ""керугі""";08.02.2022;3/4.3/22;Чинний;https://mms.gov.ua/storage/app/sites/16/Sport/Pravyla_zmagan/2022/%D0%A1%D0%BF%D0%B0%D1%81.pdf
2022-2/5.2/22;Кануполо;"З грифом ""Затверджено""";Міністерство молоді та спорту України;38649881;Правила спортивних змагань з кануполо;07.02.2022;2/5.2/22;Чинний;https://mms.gov.ua/storage/app/sites/16/Sport/Pravyla_zmagan/2021/%D0%A0%D0%B0%D0%B4%D1%96%D0%BE%D1%81%D0%BF%D0%BE%D1%80%D1%82.pdf
2022-1/5.3/22;Український рукопаш «Спас»;"З грифом ""Затверджено""";Міністерство молоді та спорту України;38649881;Правила спортивних змагань з українського рукопашу «Спас»;31.01.2022;1/5.3/22;Чинний;https://mms.gov.ua/storage/app/sites/16/Sport/Pravyla_zmagan/2021/%D0%9A%D1%96%D0%BE%D0%BA%D1%83%D1%88%D0%B8%D0%BD%20%D0%B1%D1%83%D0%B4%D0%BE%20%D0%BA%D0%B0%D1%80%D0%B0%D1%82%D0%B5.pdf
2021-39/5.3/21;Радіоспорт;"З грифом ""Затверджено""";Міністерство молоді та спорту України;38649881;Правила  спортивних  змагань з радіоспорту;28.12.2021;39/5.3/21;Втратив чинність;https://mms.gov.ua/storage/app/sites/16/Sport/Pravyla_zmagan/2021/%D0%90%D0%B2%D1%82%D0%BE%D0%BC%D0%BE%D0%B1%D1%96%D0%BB%D1%8C%D0%BD%D0%B8%D0%B9%20%D1%81%D0%BF%D0%BE%D1%80%D1%82.pdf
2021-38/5.3/21;Кіокушин будо карате;"З грифом ""Затверджено""";Міністерство молоді та спорту України;38649881;Правила змагань з кіокушин будо карате;23.12.2021;38/5.3/21;Чинний;https://mms.gov.ua/storage/app/sites/16/Sport/Pravyla_zmagan/2021/frantsuzkiy-boks-savat.pdf
2021-37/5.3/21;Автомобільний спорт;"З грифом ""Затверджено""";Міністерство молоді та спорту України;38649881;Правил спортивних змагань з автомобільного спорту;22.12.2021;37/5.3/21;Чинний;https://mms.gov.ua/storage/app/sites/16/Sport/Pravyla_zmagan/2021/sportivna-akrobatika.pdf
2021-36/5.2/21;Французький бокс САВАТ;"З грифом ""Затверджено""";Міністерство молоді та спорту України;38649881;Правила спортивних змагань з французького баксу САВАТ;13.12.2021;36/5.2/21;Чинний;https://mms.gov.ua/storage/app/sites/16/Sport/Pravyla_zmagan/2021/tenis-tabl.pdf
2021-35/5.2/21;Спортивна акробатика;"З грифом ""Затверджено""";Міністерство молоді та спорту України;38649881;Правила спортивних змагань зі спортивної акробатики;25.11.2021;35/5.2/21;Чинний;https://mms.gov.ua/storage/app/sites/16/Sport/Pravyla_zmagan/2021/skelelazinnya.pdf
2021-34/4.6/21;Теніс настільний;"З грифом ""Затверджено""";Міністерство молоді та спорту України;38649881;Правила спортивних змагань з тенісу настільного;05.11.2021;34/4.6/21;Зі змінами;https://mms.gov.ua/storage/app/sites/16/Sport/Pravyla_zmagan/2022/%D0%9A%D1%96%D0%B1%D0%B5%D1%80%D1%81%D0%BF%D0%BE%D1%80%D1%82_%D0%B7%D0%BC%D1%96%D0%BD%D0%B8.pdf
2021-13/4.3/21;Скелелазіння;"З грифом ""Затверджено""";Міністерство молоді та спорту України;38649881;Правила спортивних змагань зі скелелазіння ;02.11.2021;13/4.3/21;Чинний;https://mms.gov.ua/storage/app/sites/16/Sport/Pravyla_zmagan/2021/taekvon-do.pdf
2021-33/5.3/21;Кіберспорт (електронний спорт);"З грифом ""Затверджено""";Міністерство молоді та спорту України;38649881;Правила спортивних змагань з кіберспорту (електронного спорту);25.10.2021;33/5.3/21;Втратив чинність;https://mms.gov.ua/storage/app/sites/16/Sport/Pravyla_zmagan/2021/equestrian-sports.pdf
2021-32/5.3/21;Таеквон-До;"З грифом ""Затверджено""";Міністерство молоді та спорту України;38649881;Правила спортивних  змагань з таеквон-До;20.10.2021;32/5.3/21;Чинний;https://mms.gov.ua/storage/app/sites/16/Sport/Pravyla_zmagan/2021/akvabayk.pdf
2021-31/4.3/21;Кінний спорт;"З грифом ""Затверджено""";Міністерство молоді та спорту України;38649881;Правила спортивних  змагань з кінного спорту (виїздка, подолання перешкод, триборство);18.10.2021;31/4.3/21;Чинний;https://mms.gov.ua/storage/app/sites/16/Sport/Pravyla_zmagan/2021/khorting.pdf
2021-30/5.3/21;Аквабайк;"З грифом ""Затверджено""";Міністерство молоді та спорту України;38649881;Правила спортивних змагань з аквабайку;30.09.2021;30/5.3/21;Чинний;https://mms.gov.ua/storage/app/sites/16/Sport/Pravyla_zmagan/2021/sumo-2021.pdf
2021-29/5.3/21;Хортинг;"З грифом ""Затверджено""";Міністерство молоді та спорту України;38649881;Правила спортивних змагань з хортингу;09.09.2021;29/5.3/21;Втратив чинність;https://mms.gov.ua/storage/app/sites/16/Sport/Pravyla_zmagan/2021/samboborotba.pdf
2021-28/5.2/21;Сумо;"З грифом ""Затверджено""";Міністерство молоді та спорту України;38649881;Правила спортивних змагань з сумо;22.07.2021;28/5.2/21;Чинний;https://mms.gov.ua/storage/app/sites/16/Sport/Pravyla_zmagan/2021/plborortba.pdf
2021-27/5.2/21;Боротьба самбо;"З грифом ""Затверджено""";Міністерство молоді та спорту України;38649881;Правила спортивних змагань з боротьби самбо;22.07.2021;27/5.2/21;Зі змінами;https://mms.gov.ua/storage/app/sites/16/Sport/Pravyla_zmagan/2021/mma.pdf
2021-26/5.2/21;Пляжна боротьба;"З грифом ""Затверджено""";Міністерство молоді та спорту України;38649881;Правила спортивних змагань з пляжної боротьби;09.07.2021;26/5.2/21;Чинний;https://mms.gov.ua/storage/app/sites/16/Sport/Pravyla_zmagan/2021/rolsport.pdf
2021-25/5.3/21;Змішані єдиноборства (MMA);"З грифом ""Затверджено""";Міністерство молоді та спорту України;38649881;Правила спортивних змагань зі змішаних єдиноборств (ММА);07.07.2021;25/5.3/21;Чинний;https://mms.gov.ua/storage/app/sites/16/Sport/Pravyla_zmagan/2021/tantsi.pdf
2021-24/5.2/21;Роликовий спорт ;"З грифом ""Затверджено""";Міністерство молоді та спорту України;38649881;Правила спортивних змагань з роликового спорту;06.07.2021;24/5.2/21;Чинний;https://mms.gov.ua/storage/app/sites/16/Sport/Pravyla_zmagan/2021/skipr.pdf
2021-23/5.2/21;Спортивні танці;"З грифом ""Затверджено""";Міністерство молоді та спорту України;38649881;Правила спортивних змагань зі спортивних танців;05.07.2021;23/5.2/21;Втратив чинність;https://mms.gov.ua/storage/app/sites/16/Sport/Pravyla_zmagan/2021/peintbol.pdf
2021-22/4.4/21;Лижні гонки;"З грифом ""Затверджено""";Міністерство молоді та спорту України;38649881;Правила спортивних змагань з лижних гонок;29.06.2021;22/4.4/21;Чинний;https://mms.gov.ua/storage/app/sites/16/Sport/Pravyla_zmagan/2021/gorsport.pdf
2021-21/5.3/21;Пейнтбол;"З грифом ""Затверджено""";Міністерство молоді та спорту України;38649881;Правила спортивних змагань з пейнтболу;23.06.2021;21/5.3/21;Чинний;https://mms.gov.ua/storage/app/sites/16/Sport/Pravyla_zmagan/2021/slalom.pdf
2021-20/5.3/21;Городковий спорт;"З грифом ""Затверджено""";Міністерство молоді та спорту України;38649881;Правила спортивних змагань з городкового спорту;16.06.2021;20/5.3/21;Чинний;https://mms.gov.ua/storage/app/sites/16/Sport/Pravyla_zmagan/2021/bodigard.pdf
2021-19/4.2/21;Веслувальний слалом;"З грифом ""Затверджено""";Міністерство молоді та спорту України;38649881;Правила спортивних змагань з веслувального слалому;09.06.2021;19/4.2/21;Зі змінами;https://mms.gov.ua/storage/app/sites/16/Sport/Pravyla_zmagan/2021/ukrborotpous.pdf
2021-18/5.3/21;Багатоборство тілоохоронців;"З грифом ""Затверджено""";Міністерство молоді та спорту України;38649881;Правила змагань з багатоборства тілоохоронців;07.06.2021;18/5.3/21;Чинний;https://mms.gov.ua/storage/app/sites/16/Sport/Pravyla_zmagan/2021/go.pdf
2021-17/5.3/21;Українська боротьба на поясах;"З грифом ""Затверджено""";Міністерство молоді та спорту України;38649881;Правила спортивних змагань з української боротьби на поясах;04.06.2021;17/5.3/21;Чинний;https://mms.gov.ua/storage/app/sites/16/Sport/Pravyla_zmagan/2021/sportivnikh-zmagan-z-rukopashnogo-boyu.pdf
2021-16/5.2/21;Го;"З грифом ""Затверджено""";Міністерство молоді та спорту України;38649881;Правила спортивних змагань з го;01.06.2021;16/5.2/21;Втратив чинність;https://mms.gov.ua/storage/app/sites/16/Sport/Pravyla_zmagan/2021/pravila-sportivnikh-zmagan-zi-sportivnogo-orientuvannya.pdf
2021-15/5.3/21;Рукопашний бій;"З грифом ""Затверджено""";Міністерство молоді та спорту України;38649881;Правила спортивних змагань з рукопашного бою;26.04.2021;15/5.3/21;Втратив чинність;https://mms.gov.ua/storage/app/sites/16/Sport/Pravyla_zmagan/2021/sportivnikh-zmagan-z-estetichnoi-grupovoi-gimnastiki.pdf
2021-14/5.2/21;Спортивне орієнтування;"З грифом ""Затверджено""";Міністерство молоді та спорту України;38649881;Правила спортивних змагань зі спортивного орієнтування;23.04.2021;14/5.2/21;Зі змінами;https://mms.gov.ua/storage/app/sites/16/Sport/Pravyla_zmagan/2021/sportivnikh-zmagan-zi-sportu-iz-sobakami.pdf
2021-13/5.3/21;Естетична групова гімнастика;"З грифом ""Затверджено""";Міністерство молоді та спорту України;38649881;Правила спортивних змагань з естетичної групової гімнастики;22.04.2021;13/5.3/21;Чинний;https://mms.gov.ua/storage/app/sites/16/Sport/Pravyla_zmagan/2021/pravila-sportivnikh-zmagan-zi-sportivnogo-turizmu.pdf
2021-12/5.3/21;Спорт із собаками;"З грифом ""Затверджено""";Міністерство молоді та спорту України;38649881;Правила спортивних змагань зі спорту із собаками;19.04.2021;12/5.3/21;Чинний;https://mms.gov.ua/storage/app/sites/16/Sport/Pravyla_zmagan/2021/shotokan-karate.pdf
2021-11/5.3/21;Спортивний туризм;"З грифом ""Затверджено""";Міністерство молоді та спорту України;38649881;Правила спортивних змагань зі спортивного туризму;15.04.2021;11/5.3/21;Втратив чинність;https://mms.gov.ua/storage/app/sites/16/Sport/Pravyla_zmagan/2021/shotokan-karate.pdf
2021-10/5.3/21;Фунакоші шотокан карате;"З грифом ""Затверджено""";Міністерство молоді та спорту України;38649881;Правила спортивних змагань з фунакоші шотокан карате;31.03.2021;10/5.3/21;Втратив чинність;https://mms.gov.ua/storage/app/sites/16/Sport/Pravyla_zmagan/2021/pravila-sportivnikh-zmagan-z-tantsyuvalnogo-sportu.pdf
2021-9/5.3/21;Бойове самбо;"З грифом ""Затверджено""";Міністерство молоді та спорту України;38649881;Правила проведення змагань з бойового самбо;26.03.2021;9/5.3/21;Втратив чинність;https://mms.gov.ua/storage/app/sites/16/Sport/Pravyla_zmagan/2021/pravila-sportivnikh-zmagan-z-pauerliftingu.pdf
2021-8/5.2/21;Танцювальний спорт;"З грифом ""Затверджено""";Міністерство молоді та спорту України;38649881;Правила спортивних змагань з танцювального спорту;10.03.2021;8/5.2/21;Чинний;https://mms.gov.ua/storage/app/sites/16/Sport/Pravyla_zmagan/2021/badminton.pdf
2021-7/5.2/21;Пауерліфтинг;"З грифом ""Затверджено""";Міністерство молоді та спорту України;38649881;Правила спортивних змагань з пауерліфтингу;10.03.2021;7/5.2/21;Втратив чинність;https://mms.gov.ua/storage/app/sites/16/Sport/Pravyla_zmagan/2021/sportivnikh-zmagan-z-kikboksingu-wka.pdf
2021-6/4.6/21;Бадмінтон;"З грифом ""Затверджено""";Міністерство молоді та спорту України;38649881;Правила гри та проведення змагань з бадмінтону;03.03.2021;6/4.6/21;Зі змінами;https://mms.gov.ua/storage/app/sites/16/Sport/Pravyla_zmagan/2021/pravila-z-vesluvannya-na-baydarkakh.pdf
2021-5/5.3/21;Кікбоксинг WKA;"З грифом ""Затверджено""";Міністерство молоді та спорту України;38649881;Правила гри та проведення змагань з кікбоксингу WKA;22.02.2021;5/5.3/21;Чинний;https://mms.gov.ua/storage/app/sites/16/Sport/Pravyla_zmagan/2021/pravila-kombat.pdf
2021-3/4.2/21;Веслування на байдарках і каное;"З грифом ""Затверджено""";Міністерство молоді та спорту України;38649881;Правила спортивних змагань з веслування на байдарках і каное;15.02.2021;3/4.2/21;Втратив чинність;https://mms.gov.ua/storage/app/sites/16/Sport/Pravyla_zmagan/2021/pps.pdf
2021-3/5.3/21;Комбат самозахист ІСО;"З грифом ""Затверджено""";Міністерство молоді та спорту України;38649881;Правила спортивних змагань з комбат самозахист ІСО;15.02.2021;3/5.3/21;Втратив чинність;https://mms.gov.ua/storage/app/sites/16/Sport/Pravyla_zmagan/2021/stendova.pdf
2021-4/5.3/21;Пожежно-прикладний спорт;"З грифом ""Затверджено""";Міністерство молоді та спорту України;38649881;Правила спортивних змагань з пожежно-прикладного спорту;15.02.2021;4/5.3/21;Чинний;https://mms.gov.ua/storage/app/sites/16/Sport/Pravyla_zmagan/2020/zmini1-do-pravil-zmagan-zi-sportivnogo-pokery.pdf
2021-1/4.3/21;Стрільба стендова;"З грифом ""Затверджено""";Міністерство молоді та спорту України;38649881;Правила гри та проведення змагань зі стрільби стендової;12.01.2021;1/4.3/21;Втратив чинність;https://mms.gov.ua/storage/app/sites/16/Sport/Pravyla_zmagan/2020/poker.pdf
2020-5/5.2/20;Спортивний покер;"З грифом ""Затверджено""";Міністерство молоді та спорту України;38649881;Зміни до Правил спортивних змагань зі спортивного покеру, затверджених Міністерством молоді та спорту України 23.09.2020  за № 4/5.2/20;22.12.2020;5/5.2/20;Чинний;https://mms.gov.ua/storage/app/sites/16/Sport/Pravyla_zmagan/2020/pravila-sportivnih-zmagan-z-praktichnoyi-strilbi.pdf
2020-4/5.2/20;Спортивний покер;"З грифом ""Затверджено""";Міністерство молоді та спорту України;38649881;Правила спортивних змагань зі спортивного покеру ;23.09.2020;4/5.2/20;Чинний;https://mms.gov.ua/storage/app/sites/16/Sport/Pravyla_zmagan/2020/pravila-iska.pdf
2020-3/5.3/20;Практична стрільба;"З грифом ""Затверджено""";Міністерство молоді та спорту України;38649881;Правила спортивних змагань з практичної стрільби;08.09.2020;3/5.3/20;Чинний;https://mms.gov.ua/storage/app/sites/16/Sport/Pravyla_zmagan/2020/sportivnii-bridj.pdf
2020-2/5.3/20;Кікбоксинг ІСКА;"З грифом ""Затверджено""";Міністерство молоді та спорту України;38649881;Правила спортивних змагань з кікбоксингу ІСКА;02.09.2020;2/5.3/20;Чинний;https://mms.gov.ua/storage/app/sites/16/Sport/Pravyla_zmagan/2019_2018/5019-1.pdf
2020-1/5.2/20;Спортивний бридж;"З грифом ""Затверджено""";Міністерство молоді та спорту України;38649881;Правила спортивних змагань зі спортивного бриджу;01.09.2020;1/5.2/20;Чинний;https://mms.gov.ua/storage/app/sites/16/Sport/Pravyla_zmagan/2019_2018/4981-1.pdf
2019-5019;"Бадмінтон; Дзюдо; Біатлон";Наказ;Міністерство молоді та спорту України;38649881;Про скасування наказів Міністерства молоді та спорту України від 09.08.2019 № 4070, від 16.08.2019 № 4181, від 29.08.2019 № 4372, від 29.08.2019 № 4373;03.10.2019;5019;Чинний;null
2019-4981;"Кікбоксинг ІСКА; Комбат самозахист ІСО";Наказ;Міністерство молоді та спорту України;38649881;Про скасування наказів Міністерства молоді та спорту України від 16.08.2019 № 4180 та від 22.08.2019 № 4284;02.10.2019;4981;Чинний;null
2019-4373;Біатлон;Наказ;Міністерство молоді та спорту України;38649881;Про затвердження Правил проведення спортивних змагань з біатлону;2019-29-08;4373;Втратив чинність;null
2019-4284;Комбат захист ІСО;Наказ;Міністерство молоді та спорту України;38649881;Про затвердження Правил спортивних змагань з комбат самозахист ІСО;22.08.2019;4284;Втратив чинність;null
2019-4180;Кікбоксинг ІСКА;Наказ;Міністерство молоді та спорту України;38649881;Про затвердження Правил спортивних змагань з кікбоксингу ІСКА;16.08.2019;4180;Втратив чинність;null
2019-4181;Дзюдо;Наказ;Міністерство молоді та спорту України;38649881;Про затвердження Правил спортивних змагань з дзюдо;16.08.2019;4181;Втратив чинність;https://mms.gov.ua/storage/app/sites/16/Sport/Pravyla_zmagan/2019_2018/3846-1.pdf
2019-4070;Бадмінтон ;Наказ;Міністерство молоді та спорту України;38649881;Про затвердження Правил спортивних змагань з бадмінтону;09.08.2019;4070;Втратив чинність;https://mms.gov.ua/storage/app/sites/16/Sport/Pravyla_zmagan/2019_2018/3698-1.pdf
2019-3846;Стрибки у воду;Наказ;Міністерство молоді та спорту України;38649881;Про затвердження Правил спортивних змагань зі стрибків у воду;26.07.2019;3846;Чинний;https://mms.gov.ua/storage/app/sites/16/Sport/Pravyla_zmagan/2019_2018/3606-1.pdf
2019-3698;Водне поло;Наказ;Міністерство молоді та спорту України;38649881;Про затвердження Правил спортивних змагань з водного поло;19.07.2019;3698;Чинний;https://mms.gov.ua/storage/app/sites/16/Sport/Pravyla_zmagan/2019_2018/2911-1.pdf
2019-3606;Таїландський бокс Муей Тай;Наказ;Міністерство молоді та спорту України;38649881;Про внесення змін до Правил спортивних змагань з таїландського боксу Муей Тай;15.07.2019;3606;Чинний;https://mms.gov.ua/storage/app/sites/16/Sport/Pravyla_zmagan/2019_2018/2818.pdf
2019-2911;Важка атлетика;Наказ;Міністерство молоді та спорту України;38649881;Про затвердження Правил спортивних змагань з важкої атлетики;06.06.2019;2911;Чинний;null
2019-2818;Лижні гонки;Наказ;Міністерство молоді та спорту України;38649881;Про затвердження Правил спортивних змагань з лижних гонок;03.06.2019;2818;Втратив чинність;https://mms.gov.ua/storage/app/sites/16/Sport/Pravyla_zmagan/2019_2018/pravila-shb-rolikovii-sport.pdf
2019-2798;Санний спорт;Наказ;Міністерство молоді та спорту України;38649881;Про затвердження Правил спортивних змагань з санного спорту;null;2798;Чинний;https://mms.gov.ua/storage/app/sites/16/Sport/Pravyla_zmagan/2019_2018/2134.pdf
2019-2642;Роликовий спорт;Наказ;Міністерство молоді та спорту України;38649881;Про затвердження Правил спортивних змагань з роликового спорту в дисципліні швидкісний біг на роликових ковзанах;27.05.2019;2642;Втратив чинність;https://mms.gov.ua/storage/app/sites/16/Sport/Pravyla_zmagan/2019_2018/1846-1.pdf
2019-2134;Рукопаш гопак;Наказ;Міністерство молоді та спорту України;38649881;Про затвердження Правил спортивних змагань з рукопашу гопак;03.05.2019;2134;Чинний;https://mms.gov.ua/storage/app/sites/16/Sport/Pravyla_zmagan/2019_2018/1616-1.pdf
2019-1846;Військово-спортивні багатоборства;Наказ;Міністерство молоді та спорту України;38649881;Про внесення змін до Правил спортивних змагань з військово-спортивних багатоборств;15.04.2019;1846;Чинний;https://mms.gov.ua/storage/app/sites/16/Sport/Pravyla_zmagan/2019_2018/1179-1.pdf
2019-1616;Шорт-трек;Наказ;Міністерство молоді та спорту України;38649881;Про затвердження Правил спортивних змагань з шорт-треку;01.04.2019;1616;Чинний;https://mms.gov.ua/storage/app/sites/16/Sport/Pravyla_zmagan/2019_2018/1164-1.pdf
2019-1179;Кунгфу;Наказ;Міністерство молоді та спорту України;38649881;Про внесення змін до Правил спортивних змагань з кунгфу;07.03.2019;1179;Чинний;https://mms.gov.ua/storage/app/sites/16/Sport/Pravyla_zmagan/2019_2018/813-1.pdf
2019-1164;Лижне двоборство;Наказ;Міністерство молоді та спорту України;38649881;Про затвердження Правил спортивних змагань з лижного двоборства;06.03.2019;1164;Чинний;https://mms.gov.ua/storage/app/sites/16/Sport/Pravyla_zmagan/2019_2018/23-1.pdf
2019-813;Гирьовий спорт;Наказ;Міністерство молоді та спорту України;38649881;Про внесення змін до Правил спортивних змагань з гирьового спорту;18.02.2019;813;Чинний;https://mms.gov.ua/storage/app/sites/16/Sport/Pravyla_zmagan/2019_2018/5755.pdf
2019-23;Фристайл;Наказ;Міністерство молоді та спорту України;38649881;Про затвердження Правил спортивних змагань з фристайлу;04.01.2019;23;Чинний;https://mms.gov.ua/storage/app/sites/16/Sport/Pravyla_zmagan/2019_2018/5615-11.pdf
2018-5755;Стрибки на лижах з трампліна;Наказ;Міністерство молоді та спорту України;38649881;Про затвердження Правил спортивних змагань зі стрибків на лижах з трампліна;19.12.2018;5755;Чинний;null
2018-5615;Кіокушинкайкан карате;Наказ;Міністерство молоді та спорту України;38649881;Про затвердження Правил спортивних змагань з кіокушинкайкан карате;07.12.2018;5615;Чинний;null
2018-5409;Рукопашний бій;Наказ;Міністерство молоді та спорту України;38649881;Про затвердження Правил спортивних змагань з рукопашного бою;23.11.2018;5409;Втратив чинність;https://mms.gov.ua/storage/app/sites/16/Sport/Pravyla_zmagan/2019_2018/4894.pdf
2018-4907;Фігурне катання на ковзанах;Наказ;Міністерство молоді та спорту України;38649881;Про затвердження Правил спортивних змагань з фігурного катання на ковзанах;24.10.2018;4907;Чинний;null
2018-4894;Альпінізм;Наказ;Міністерство молоді та спорту України;38649881;Про затвердження Правил спортивних змагань з альпінізму;23.10.2018;4894;Втратив чинність;null
2018-4623;Комбат Дзю-Дзюцу;Наказ;Міністерство молоді та спорту України;38649881;Про затвердження Правил спортивних змагань з комбат Дзю-Дзюцу;04.10.2018;4623;Втратив чинність;https://mms.gov.ua/storage/app/sites/16/Sport/Pravyla_zmagan/2019_2018/4086-1.pdf
2018-4288;Літаковий спорт (вищий пілотаж на поршневих літаках);Наказ;Міністерство молоді та спорту України;38649881;Про затвердження Правил спортивних змагань з літакового спорту (вищий пілотаж на поршневих літаках);14.09.2018;4288;Чинний;https://mms.gov.ua/storage/app/sites/16/Sport/Pravyla_zmagan/2022/3906.pdf
2018-4086;Стрільба кульова;Наказ;Міністерство молоді та спорту України;38649881;Про затвердження Правил спортивних змагань зі стрільби кульової;04.09.2018;4086;Втратив чинність;https://mms.gov.ua/storage/app/sites/16/Sport/Pravyla_zmagan/2019_2018/3152.pdf
2018-3906;Панкратіон;Наказ;Міністерство молоді та спорту України;38649881;Про затвердження Правил спортивних змагань з панкратіону;27.08.2018;3906;Втратив чинність;null
2018-3152;Грепплінг;Наказ;Міністерство молоді та спорту України;38649881;Про затвердження Правил спортивних змагань з грепплінгу;09.07.2018;3152;Втратив чинність;null
2018-3098;Хокей з шайбою;Наказ;Міністерство молоді та спорту України;38649881;Про затвердження Правил спортивних змагань з хокею з шайбою;05.07.2018;3098;Втратив чинність;null
2017-5130;Середньовічний бій;Наказ;Міністерство молоді та спорту України;38649881;Про затвердження Правил спортивних змагань з середньовічного бою;12.12.2017;5130;Чинний;https://mms.gov.ua/storage/app/sites/16/Sport/Pravyla_zmagan/2017_2014/20170418-zmini-do-pravil-nakaz.pdf
2017-2551;Вертолітний спорт;Наказ;Міністерство молоді та спорту України;38649881;Про внесення змін до Правил спортивних змагань  вертолітного спорту;14.06.2017;2551;Чинний;null
2017-2282;Парашутний спорт;Наказ;Міністерство молоді та спорту України;38649881;Про затвердження Змін до Правил спортивних змагань з парашутного спорту;30.05.2017;2282;Чинний;null
2015-3145;Веслування академічне;Наказ;Міністерство молоді та спорту України;38649881;Про внесення зміни до Правил спортивних змагань з веслування академічного;02.09.2015;3145;Чинний;null
2015-770;Парашутний спорт;Наказ;Міністерство молоді та спорту України;38649881;Про затвердження Змін до Правил спортивних змагань з парашутного спорту;23.03.2015;770;Чинний;null
2015-132;Парашутний спорт;Наказ;Міністерство молоді та спорту України;38649881;Щодо правил спортивних змагань з парашутного спорту;2015-2001;132;Чинний;null
2015-29;Парашутний спорт;Наказ;Міністерство молоді та спорту України;38649881;Про затвердження Змін до Правил спортивних змагань з парашутного спорту;12.01.2015;29;Чинний;https://mms.gov.ua/sport/pravila-zmagan
2014-1283;Військово-спортивні багатоборства;Наказ;Міністерство молоді та спорту України;38649881;Про затвердження Правил спортивних змагань з військово-спортивних багатоборств;22.04.2014;1283;Чинний;https://mms.gov.ua/sport/pravila-zmagan
2014-377;Кунгфу;Наказ;Міністерство молоді та спорту України;38649881;Про затвердження Змін до Правил спортивних змагань з кунгфу;06.02.2014;377;Чинний;https://mms.gov.ua/sport/pravila-zmagan
2014-272;Веслування на байдарках і каное;Наказ;Міністерство молоді та спорту України;38649881;Про затвердження Правил спортивних змагань з веслування на байдарках і каное;30.01.2014;272;Втратив чинність;https://mms.gov.ua/sport/pravila-zmagan
2014-94;Шотокан карате-до С.К.І.Ф.;Наказ;Міністерство молоді та спорту України;38649881;Про затвердження Правил спортивних змагань з Шотокан карате-до С.К.І.Ф.;20.01.2014;94;Втратив чинність;https://mms.gov.ua/sport/pravila-zmagan
2013-608;Вертолітний спорт;Наказ;Міністерство молоді та спорту України;38649881;Про затвердження Правил спортивних змагань з вертолітного спорту;14.10.2013;608;Чинний;https://mms.gov.ua/sport/pravila-zmagan
2013-47;Парашутний спорт;Наказ;Міністерство молоді та спорту України;38649881;Про затвердження Правил спортивних змагань з парашутного спорту;21.08.2013;47;Чинний;https://mms.gov.ua/sport/pravila-zmagan
2013-34;Фрі-файт;Наказ;Міністерство молоді та спорту України;38649881;Про затвердження Правил спортивних змагань з фрі-файту;23.07.2013;34;Чинний;https://mms.gov.ua/sport/pravila-zmagan
2013-28;Веслування академічне;Наказ;Міністерство молоді та спорту України;38649881;Про затвердження Правил спортивних змагань з веслування академічного;08.07.2013;28;Чинний;https://mms.gov.ua/sport/pravila-zmagan
2013-27;Гирьовий спорт;Наказ;Міністерство молоді та спорту України;38649881;Про затвердження Правил спортивних змагань з гирьового спорту;08.07.2013;27;Втратив чинність;https://mms.gov.ua/sport/pravila-zmagan
2013-26;Кікбоксинг ВТКА;Наказ;Міністерство молоді та спорту України;38649881;Про затвердження Правил спортивних змагань з кікбоксингу ВТКА;03.07.2013;26;Втратив чинність;https://mms.gov.ua/sport/pravila-zmagan
2013-23;Кунгфу;Наказ;Міністерство молоді та спорту України;38649881;Про затвердження Правил спортивних змагань з кунгфу;26.06.2013;23;Чинний;https://mms.gov.ua/sport/pravila-zmagan
2013-21;Косікі карате;Наказ;Міністерство молоді та спорту України;38649881;Про затвердження Правил спортивних змагань з косікі карате;18.06.2013;21;Чинний;https://mms.gov.ua/sport/pravila-zmagan
2013-15;Змішані єдиноборства (MMA);Наказ;Міністерство молоді та спорту України;38649881;Про затвердження Правил спортивних змагань зі змішаних єдиноборств (MMA);05.06.2013;15;Втратив чинність;null
2013-3;Таїландський бокс Муей Тай;Наказ;Міністерство молоді та спорту України;38649881;Про затвердження Правил спортивних змагань з таїландського боксу Муей Тай;01.04.2013;3;Втратив чинність;null
